artist,date,dj,genre,show,timestamp,title
Allan Holdsworth,"Feb 1, 2024",DJ Lore,Jazz,The Holdsworth Dilemma,6:02 PM,Letters of Marque
Donald Byrd,"Feb 1, 2024",DJ Lore,Jazz,The Holdsworth Dilemma,6:06 PM,Onward 'Til Morning
Bill Bruford,"Feb 1, 2024",DJ Lore,Rock,The Holdsworth Dilemma,6:10 PM,One Of A Kind - Part One
Joe Zawinul,"Feb 1, 2024",DJ Lore,Jazz,The Holdsworth Dilemma,6:13 PM,Black Market
Gary Husband,"Feb 1, 2024",DJ Lore,Unknown,The Holdsworth Dilemma,6:26 PM,Fred 2011
Pedro Martins,"Feb 1, 2024",DJ Lore,Jazz,The Holdsworth Dilemma,6:32 PM,Polos (feat. Chris Fishman & Daryl Johns)
Joomanji,"Feb 1, 2024",DJ Lore,R&B/Soul,The Holdsworth Dilemma,6:36 PM,Chasin Rhymes (feat. Saara Maria)
KNOWER,"Feb 1, 2024",DJ Lore,Indie Pop,The Holdsworth Dilemma,6:39 PM,It Will Get Real
Anatole Muster,"Feb 1, 2024",DJ Lore,Jazz,The Holdsworth Dilemma,6:43 PM,Layers
ClascyJitto,"Mar 14, 2024",DJ Lore,Unknown,The Holdsworth Dilemma,6:00 PM,Secret Hoppin' (Vacation Mix)
Blowout,"Mar 7, 2024",DJ Lore,Unknown,The Holdsworth Dilemma,6:00 PM,Indiana
Peter Tosh,"Feb 15, 2024",DJ Lore,Reggae,The Holdsworth Dilemma,6:46 PM,Why Must I Cry
Scotty,"Feb 15, 2024",DJ Lore,World,The Holdsworth Dilemma,6:52 PM,Draw Your Brakes
El Wali,"Feb 15, 2024",DJ Lore,Unknown,The Holdsworth Dilemma,6:55 PM,Long Live the Sahrawi Army
Дафо Трендафилов,"Feb 15, 2024",DJ Lore,Unknown,The Holdsworth Dilemma,6:57 PM,Родопска ръченица
Les Loups Noirs D'Haiti,"Feb 15, 2024",DJ Lore,Latin,The Holdsworth Dilemma,6:59 PM,Jet Biguine
Au Pairs,"Feb 29, 2024",DJ Lore,Rock,The Holdsworth Dilemma,6:18 PM,Love Song
Coach Party,"Feb 29, 2024",DJ Lore,Rock,The Holdsworth Dilemma,6:21 PM,All I Wanna Do Is Hate
Bauhaus,"Feb 29, 2024",DJ Lore,Unknown,The Holdsworth Dilemma,6:27 PM,Silent Hedges
Drive-By Truckers,"Feb 29, 2024",DJ Lore,Rock,The Holdsworth Dilemma,6:27 PM,Guns Of Umpqua
Ronnie Lane,"Feb 29, 2024",DJ Lore,Unknown,The Holdsworth Dilemma,6:31 PM,Roll On Babe
Ghost Note,"Feb 8, 2024",DJ Lore,Jazz,The Holdsworth Dilemma,6:01 PM,Bad Knees
Allan Holdsworth,"Feb 8, 2024",DJ Lore,Unknown,The Holdsworth Dilemma,6:04 PM,Panic Station
Greg Howe,"Feb 8, 2024",DJ Lore,Heavy Metal,The Holdsworth Dilemma,6:08 PM,Jump Start
Steve Morse Band,"Feb 8, 2024",DJ Lore,Rock,The Holdsworth Dilemma,6:13 PM,Vista Grande
Melt,"Feb 8, 2024",DJ Lore,Unknown,The Holdsworth Dilemma,6:26 PM,Harvest Moon (Live at Echo Mountain)
Glass Beams,"Mar 14, 2024",DJ Lore,Unknown,The Holdsworth Dilemma,6:02 PM,Taurus
Lenny White,"Mar 14, 2024",DJ Lore,Unknown,The Holdsworth Dilemma,6:07 PM,Sweet Dreamer
Bobbi Humphrey,"Mar 14, 2024",DJ Lore,Jazz,The Holdsworth Dilemma,6:11 PM,Just A Love Child - 1998 Digital Remaster
Gene Harris,"Mar 14, 2024",DJ Lore,Jazz,The Holdsworth Dilemma,6:18 PM,Losalamitoslatinfunklovesong
Mason Lindroth,"Mar 14, 2024",DJ Lore,Unknown,The Holdsworth Dilemma,6:22 PM,Prevailing Westerlies
Marc Johnson,"Mar 14, 2024",DJ Lore,Jazz,The Holdsworth Dilemma,6:26 PM,Faith In You
Joe Zawinul,"Feb 22, 2024",DJ Lore,Jazz,The Holdsworth Dilemma,5:59 PM,Brown Street
Maynard Ferguson,"Feb 22, 2024",DJ Lore,Jazz,The Holdsworth Dilemma,6:09 PM,Birdland
CASIOPEA,"Feb 22, 2024",DJ Lore,Jazz,The Holdsworth Dilemma,6:14 PM,スワロー
Spilly Cave,"Feb 22, 2024",DJ Lore,Indie Pop,The Holdsworth Dilemma,6:20 PM,Cario
Anatole Muster,"Feb 22, 2024",DJ Lore,Jazz,The Holdsworth Dilemma,6:23 PM,Auntie Mabel
Drive-By Truckers,"Feb 29, 2024",DJ Lore,Rock,The Holdsworth Dilemma,6:34 PM,Zip City
Whiskeytown,"Feb 29, 2024",DJ Lore,Unknown,The Holdsworth Dilemma,6:39 PM,16 Days
Golden Smog,"Feb 29, 2024",DJ Lore,Rock,The Holdsworth Dilemma,6:43 PM,Looking Forward To Seeing You (Remastered Album Version)
Justin Townes Earle,"Feb 29, 2024",DJ Lore,Folk,The Holdsworth Dilemma,6:45 PM,Maybe A Moment
Drive-By Truckers,"Feb 29, 2024",DJ Lore,Rock,The Holdsworth Dilemma,6:48 PM,Decoration Day
Drive-By Truckers,"Feb 29, 2024",DJ Lore,Rock,The Holdsworth Dilemma,6:54 PM,Carl Perkins' Cadillac
Drive-By Truckers,"Feb 29, 2024",DJ Lore,Rock,The Holdsworth Dilemma,6:59 PM,A Ghost To Most
moe.,"Feb 8, 2024",DJ Lore,Rock,The Holdsworth Dilemma,6:32 PM,Happy Hour Hero
Frank Zappa,"Feb 8, 2024",DJ Lore,Rock,The Holdsworth Dilemma,6:38 PM,St. Alfonzo's Pancake Breakfast
Frank Zappa,"Feb 8, 2024",DJ Lore,Rock,The Holdsworth Dilemma,6:40 PM,Father O'Blivion
Weather Report,"Feb 8, 2024",DJ Lore,Jazz,The Holdsworth Dilemma,6:42 PM,8:30 - Live
Mr. Sauceman,"Feb 8, 2024",DJ Lore,Unknown,The Holdsworth Dilemma,6:51 PM,Bite the Crust
Allan Holdsworth,"Mar 14, 2024",DJ Lore,Unknown,The Holdsworth Dilemma,6:37 PM,Where Is One
Outside World,"Mar 14, 2024",DJ Lore,Unknown,The Holdsworth Dilemma,6:43 PM,Friends
BOREAL SUN,"Mar 14, 2024",DJ Lore,Unknown,The Holdsworth Dilemma,6:47 PM,New Beginning
Pedro Martins,"Mar 14, 2024",DJ Lore,Jazz,The Holdsworth Dilemma,6:51 PM,Juvenew
Jonah Yano,"Mar 14, 2024",DJ Lore,Rock,The Holdsworth Dilemma,6:53 PM,concentrate
KNOWER,"Feb 22, 2024",DJ Lore,Indie Pop,The Holdsworth Dilemma,6:26 PM,Real Nice Moment
Uyama Hiroto,"Feb 22, 2024",DJ Lore,Unknown,The Holdsworth Dilemma,6:31 PM,Windspeaks
Takahiro Obata,"Feb 22, 2024",DJ Lore,Unknown,The Holdsworth Dilemma,6:36 PM,Tag
Tigran Hamasyan,"Feb 22, 2024",DJ Lore,Unknown,The Holdsworth Dilemma,6:38 PM,New Maps
Beatchild,"Feb 22, 2024",DJ Lore,Unknown,The Holdsworth Dilemma,6:46 PM,Endurance
ClascyJitto,"Feb 22, 2024",DJ Lore,Unknown,The Holdsworth Dilemma,6:50 PM,Secret Hoppin' (Tower Mix)
Ruts D.C.,"Feb 22, 2024",DJ Lore,Reggae,The Holdsworth Dilemma,6:58 PM,Rhythm Collision
Meni Moore,"Apr 18, 2024",DJ Lore,Unknown,The Holdsworth Dilemma,6:03 PM,Rhiannon
Mapache,"Apr 18, 2024",DJ Lore,Unknown,The Holdsworth Dilemma,6:07 PM,What A Summer
Steve Morse Band,"Apr 18, 2024",DJ Lore,Rock,The Holdsworth Dilemma,6:10 PM,Vista Grande
Frank Zappa,"Apr 18, 2024",DJ Lore,Rock,The Holdsworth Dilemma,6:15 PM,Black Napkins
Abunai!,"Apr 18, 2024",DJ Lore,Unknown,The Holdsworth Dilemma,6:37 PM,Rolling of the Stones
The Cure,"Apr 18, 2024",DJ Lore,Pop,The Holdsworth Dilemma,6:55 PM,Boys Don't Cry
Frank Zappa,"Apr 4, 2024",DJ Lore,Rock,The Holdsworth Dilemma,6:15 PM,Peaches En Regalia
Steely Dan,"Apr 4, 2024",DJ Lore,Pop,The Holdsworth Dilemma,6:19 PM,Aja
Steve Morse Band,"Apr 4, 2024",DJ Lore,Rock,The Holdsworth Dilemma,6:27 PM,Vista Grande
Allan Holdsworth,"Apr 4, 2024",DJ Lore,Unknown,The Holdsworth Dilemma,6:32 PM,Endomorph
Return To Forever,"Apr 4, 2024",DJ Lore,Jazz,The Holdsworth Dilemma,6:37 PM,Medieval Overture - Instrumental
Tindersticks,"Mar 21, 2024",DJ Lore,Unknown,The Holdsworth Dilemma,6:01 PM,E-Type
OBN IIIs,"Mar 21, 2024",DJ Lore,Rock,The Holdsworth Dilemma,6:07 PM,Queen Glom
Jooqebox,"Mar 21, 2024",DJ Lore,Unknown,The Holdsworth Dilemma,6:14 PM,"Jooqebox No. 3, Bloco No. 3"
Deerhunter,"Mar 21, 2024",DJ Lore,Unknown,The Holdsworth Dilemma,6:14 PM,Cover Me Slowy
Renée Swarts,"Mar 21, 2024",DJ Lore,Unknown,The Holdsworth Dilemma,6:16 PM,Die Verhaal Van Kain En Abel
Alabaster Deplume,"Mar 28, 2024",Patrick,Unknown,The Holdsworth Dilemma,6:00 PM,Don't Forget You're Precious
Rozi Plain,"Mar 28, 2024",Patrick,Unknown,The Holdsworth Dilemma,6:03 PM,Silent Fan
Anteloper,"Mar 28, 2024",Patrick,Jazz,The Holdsworth Dilemma,6:08 PM,Earthlings - Radio Edit
Avalon Emerson,"Mar 28, 2024",Patrick,Indie Rock,The Holdsworth Dilemma,6:16 PM,A Dam Will Always Divide
Lucrecia Dalt,"Mar 28, 2024",Patrick,Unknown,The Holdsworth Dilemma,6:25 PM,No tiempo
Bitchin Bajas,"Mar 28, 2024",Patrick,Unknown,The Holdsworth Dilemma,6:28 PM,Outer Spaceways Incorporated
Dinis,"Apr 11, 2024",DJ Lore,Unknown,The Holdsworth Dilemma,6:00 PM,above the clouds
Dimension 32,"Apr 11, 2024",DJ Lore,Unknown,The Holdsworth Dilemma,6:03 PM,Flying Over Myself
Ivylake,"Apr 11, 2024",DJ Lore,Unknown,The Holdsworth Dilemma,6:07 PM,Restful
Bcalm,"Apr 11, 2024",DJ Lore,Unknown,The Holdsworth Dilemma,6:10 PM,Quiet Thoughts
Tenno,"Apr 11, 2024",DJ Lore,Unknown,The Holdsworth Dilemma,6:13 PM,Equanimity
Allan Holdsworth,"May 2, 2024",DJ Lore,Unknown,The Holdsworth Dilemma,6:00 PM,Letters Of Marque
Matt Valentine,"May 2, 2024",DJ Lore,Rock,The Holdsworth Dilemma,6:03 PM,Movin' (For the Cosmic Range)
Wet Tuna,"May 2, 2024",DJ Lore,Rock,The Holdsworth Dilemma,6:20 PM,Kinda Feelin' Good
Joomanji,"May 2, 2024",DJ Lore,Unknown,The Holdsworth Dilemma,6:26 PM,Chasin Rhymes (feat. Saara Maria)
Pedro Martins,"May 2, 2024",DJ Lore,Jazz,The Holdsworth Dilemma,6:30 PM,Polos (feat. Chris Fishman & Daryl Johns)
Bill Bruford,"May 2, 2024",DJ Lore,Rock,The Holdsworth Dilemma,6:39 PM,One Of A Kind - Part One
Gary Husband,"May 2, 2024",DJ Lore,Unknown,The Holdsworth Dilemma,6:42 PM,Fred 2011
Five Or Six,"Apr 25, 2024",DJ Lore,Rock,The Holdsworth Dilemma,6:04 PM,Shifting
Alan Vega,"Apr 25, 2024",DJ Lore,Rock,The Holdsworth Dilemma,6:06 PM,Nothing Left
Atlas Sound,"Apr 25, 2024",DJ Lore,Unknown,The Holdsworth Dilemma,6:11 PM,Ativan
Dead Moon,"Apr 25, 2024",DJ Lore,Rock,The Holdsworth Dilemma,6:14 PM,Poor Born
Human Sexual Response,"Apr 25, 2024",DJ Lore,Unknown,The Holdsworth Dilemma,6:33 PM,Dick And Jane
Dion Lunadon,"Apr 25, 2024",DJ Lore,Unknown,The Holdsworth Dilemma,6:37 PM,Fire
No Age,"Apr 25, 2024",DJ Lore,Unknown,The Holdsworth Dilemma,6:41 PM,Circling With Dizzy
The Fall,"Apr 25, 2024",DJ Lore,Unknown,The Holdsworth Dilemma,6:50 PM,Clear Off!
Joe Zawinul,"Apr 4, 2024",DJ Lore,Jazz,The Holdsworth Dilemma,6:42 PM,Carnavalito
Mmoss,"Apr 4, 2024",DJ Lore,Rock,The Holdsworth Dilemma,6:59 PM,Make It Well
Happy the Clown,"Mar 21, 2024",DJ Lore,Unknown,The Holdsworth Dilemma,6:16 PM,U.T.R
My Life With the Thrill Kill Kult,"Mar 21, 2024",DJ Lore,Unknown,The Holdsworth Dilemma,6:22 PM,Do You Fear (For Your Child)
Matching Mole,"Mar 21, 2024",DJ Lore,Unknown,The Holdsworth Dilemma,6:27 PM,Signed Curtain
Corin Tucker Band,"Mar 21, 2024",DJ Lore,Rock,The Holdsworth Dilemma,6:30 PM,I Don't Wanna Go
Jeff Hudson,"Mar 21, 2024",DJ Lore,Unknown,The Holdsworth Dilemma,6:33 PM,It's Working Real Good
The Passage,"Mar 21, 2024",DJ Lore,Unknown,The Holdsworth Dilemma,6:36 PM,xoyo
Service,"Mar 21, 2024",DJ Lore,Unknown,The Holdsworth Dilemma,6:44 PM,May Song
The House Of Love,"Mar 21, 2024",DJ Lore,Unknown,The Holdsworth Dilemma,6:47 PM,Flow
The Legendary Pink Dots,"Mar 21, 2024",DJ Lore,Rock,The Holdsworth Dilemma,6:54 PM,Citadel
Animal Collective,"Mar 21, 2024",DJ Lore,Indie Rock,The Holdsworth Dilemma,6:59 PM,No More Runnin
Jenny Hval,"Mar 28, 2024",Patrick,Unknown,The Holdsworth Dilemma,6:32 PM,American Coffee
Carla dal Forno,"Mar 28, 2024",Patrick,Pop,The Holdsworth Dilemma,6:39 PM,Side By Side
Vanishing Twin,"Mar 28, 2024",Patrick,Unknown,The Holdsworth Dilemma,6:42 PM,Big Moonlight (Ookii Gekkou)
Akusmi,"Mar 28, 2024",Patrick,Unknown,The Holdsworth Dilemma,6:47 PM,Fleeting Future
Modern Nature,"Mar 28, 2024",Patrick,Unknown,The Holdsworth Dilemma,6:52 PM,Brigade
Julia Holter,"Mar 28, 2024",Patrick,Unknown,The Holdsworth Dilemma,6:55 PM,Something in the Room She Moves
Le Tigre,"Apr 11, 2024",DJ Lore,Unknown,The Holdsworth Dilemma,6:15 PM,My Art
David Bowie,"Apr 11, 2024",DJ Lore,Unknown,The Holdsworth Dilemma,6:17 PM,Soul Love
Captain Beefheart & His Magic Band,"Apr 11, 2024",DJ Lore,Rock,The Holdsworth Dilemma,6:23 PM,I'm Glad
Mistle Thrush,"Apr 11, 2024",DJ Lore,Rock,The Holdsworth Dilemma,6:30 PM,Shine Away
Various Artists,"Apr 11, 2024",DJ Lore,Unknown,The Holdsworth Dilemma,6:37 PM,Button Up
Kraus,"Apr 11, 2024",DJ Lore,Unknown,The Holdsworth Dilemma,6:44 PM,Reach
TV21,"Apr 11, 2024",DJ Lore,Unknown,The Holdsworth Dilemma,6:46 PM,It Feels Like It's Starting to Rain
Babybird,"Apr 11, 2024",DJ Lore,Unknown,The Holdsworth Dilemma,6:49 PM,Unloveable
Little annie,"Apr 11, 2024",DJ Lore,Unknown,The Holdsworth Dilemma,6:54 PM,I Think Of You
Allan Holdsworth,"May 2, 2024",DJ Lore,Unknown,The Holdsworth Dilemma,6:47 PM,Panic Station
KNOWER,"May 2, 2024",DJ Lore,Indie Pop,The Holdsworth Dilemma,6:50 PM,It Will Get Real
Anatole Muster,"May 2, 2024",DJ Lore,Jazz,The Holdsworth Dilemma,6:55 PM,Layers
Front Line Assembly,"May 2, 2024",DJ Lore,Rock,The Holdsworth Dilemma,6:58 PM,Prayer
The December Sound,"May 2, 2024",DJ Lore,Unknown,The Holdsworth Dilemma,6:59 PM,Painkiller
Wall Of Voodoo,"Apr 25, 2024",DJ Lore,Unknown,The Holdsworth Dilemma,6:54 PM,The Passenger
Killing Joke,"Apr 25, 2024",DJ Lore,Punk,The Holdsworth Dilemma,6:59 PM,Requiem - 2005 Digital Remaster
Grant Hart,"Apr 11, 2024",DJ Lore,Unknown,The Holdsworth Dilemma,6:59 PM,War In Heaven
Blonde Redhead,"Apr 11, 2024",DJ Lore,Unknown,The Holdsworth Dilemma,6:59 PM,Dr Strangeluv
Obits,"May 9, 2024",DJ Lore,Unknown,The Holdsworth Dilemma,6:02 PM,This Girl's Opinion
Tod A,"May 9, 2024",DJ Lore,Unknown,The Holdsworth Dilemma,6:05 PM,This Is My Life
Blawan,"May 9, 2024",DJ Lore,Unknown,The Holdsworth Dilemma,6:09 PM,Peaches (Coronation)
Black Box Recorder,"May 9, 2024",DJ Lore,Unknown,The Holdsworth Dilemma,6:14 PM,The Facts Of Life
Urban Verbs,"May 9, 2024",DJ Lore,Rock,The Holdsworth Dilemma,6:19 PM,Luca Brasi
Robert Pollard,"May 9, 2024",DJ Lore,Unknown,The Holdsworth Dilemma,6:25 PM,Weatherman And Skin Goddess
Alice Bag,"May 9, 2024",DJ Lore,Rock,The Holdsworth Dilemma,6:30 PM,No Gifts For Nazis
Anatole Muster,"Sep 5, 2024",DJ Lore,Jazz,The Holdsworth Dilemma,7:00 PM,testing fields
KNOWER,"Sep 5, 2024",DJ Lore,Indie Pop,The Holdsworth Dilemma,7:03 PM,It Will Get Real
Spilly Cave,"Sep 5, 2024",DJ Lore,Indie Pop,The Holdsworth Dilemma,7:07 PM,Gonzo
Gene Harris,"Sep 5, 2024",DJ Lore,Jazz,The Holdsworth Dilemma,7:09 PM,Losalamitoslatinfunklovesong
Bobbi Humphrey,"Sep 5, 2024",DJ Lore,Jazz,The Holdsworth Dilemma,7:13 PM,Just A Love Child - 1998 Digital Remaster
Pedro Martins,"Sep 5, 2024",DJ Lore,Jazz,The Holdsworth Dilemma,7:20 PM,Radiocenter (dedicated to Toninho maya)
Allan Holdsworth,"Sep 5, 2024",DJ Lore,Unknown,The Holdsworth Dilemma,7:23 PM,Panic Station
Return To Forever,"Sep 19, 2024",DJ Lore,Jazz,The Holdsworth Dilemma,7:00 PM,Medieval Overture - Instrumental
Snarky Puppy,"Sep 19, 2024",DJ Lore,Jazz,The Holdsworth Dilemma,7:05 PM,Lingus
Pat Metheny Group,"Sep 19, 2024",DJ Lore,Jazz,The Holdsworth Dilemma,7:16 PM,Phase Dance
John Scofield,"Sep 19, 2024",DJ Lore,Unknown,The Holdsworth Dilemma,7:24 PM,Blue Matter
Jellyfish,"Sep 19, 2024",DJ Lore,Rock,The Holdsworth Dilemma,7:31 PM,Joining A Fan Club
Mr. Sauceman,"Sep 19, 2024",DJ Lore,Unknown,The Holdsworth Dilemma,7:35 PM,Bite the Crust
Makeout Palace,"Sep 19, 2024",DJ Lore,Rock,The Holdsworth Dilemma,7:37 PM,Pirates
Brett Garsed,"Sep 19, 2024",DJ Lore,Unknown,The Holdsworth Dilemma,7:41 PM,If Only
Cortex,"Sep 19, 2024",DJ Lore,Unknown,The Holdsworth Dilemma,7:47 PM,Mary et Jeff
Evan Marien,"Sep 19, 2024",DJ Lore,Dance,The Holdsworth Dilemma,7:49 PM,Ikigai
King Missile,"Sep 19, 2024",DJ Lore,Unknown,The Holdsworth Dilemma,7:57 PM,How to Remember Your Dreams
Steps Ahead,"Sep 26, 2024",DJ Lore,Jazz,The Holdsworth Dilemma,7:00 PM,Islands
Plasticland,"May 9, 2024",DJ Lore,Unknown,The Holdsworth Dilemma,6:32 PM,Flower Scene
Nikki Sudden,"May 9, 2024",DJ Lore,Unknown,The Holdsworth Dilemma,6:34 PM,Stereo Baby
Lilys,"May 9, 2024",DJ Lore,Unknown,The Holdsworth Dilemma,6:41 PM,Day of the Monkey
Sic Alps,"May 9, 2024",DJ Lore,Rock,The Holdsworth Dilemma,6:45 PM,A Story Over There
Young Adults,"May 9, 2024",DJ Lore,Unknown,The Holdsworth Dilemma,6:46 PM,Bummer Summer
Tilly And The Wall,"May 9, 2024",DJ Lore,Rock,The Holdsworth Dilemma,6:49 PM,Rainbows in the Dark
Nick Cave & The Bad Seeds,"May 9, 2024",DJ Lore,Unknown,The Holdsworth Dilemma,6:53 PM,Christina the Astonishing
Floorian,"May 9, 2024",DJ Lore,Unknown,The Holdsworth Dilemma,6:59 PM,Here Lies
Bill Bruford,"Sep 5, 2024",DJ Lore,Rock,The Holdsworth Dilemma,7:26 PM,One Of A Kind - Part One
Greg Howe,"Sep 5, 2024",DJ Lore,Heavy Metal,The Holdsworth Dilemma,7:29 PM,Come and Get It
CROOKS INC.,"Sep 5, 2024",DJ Lore,R&B/Soul,The Holdsworth Dilemma,7:35 PM,Lost In Translation
Meshell Ndegeocello,"Sep 5, 2024",DJ Lore,Jazz,The Holdsworth Dilemma,7:39 PM,Trouble
Terrace Martin,"Sep 5, 2024",DJ Lore,Jazz,The Holdsworth Dilemma,7:53 PM,"Valdez Off Crenshaw (feat. Kamasi Washington, Cory Henry & Robert 'Sput' Searight)"
岩崎琢 (Iwasaki Taku),"Sep 5, 2024",DJ Lore,Unknown,The Holdsworth Dilemma,7:59 PM,文豪AcidJazz
B12,"Sep 19, 2024",DJ Lore,Unknown,The Holdsworth Dilemma,7:59 PM,Soundtrack Of Space
Anatole Muster,"Sep 12, 2024",DJ Lore,Jazz,The Holdsworth Dilemma,7:15 PM,Layers
Blackbyrds,"Sep 12, 2024",DJ Lore,Unknown,The Holdsworth Dilemma,7:18 PM,Lady
Clown Core,"Sep 12, 2024",DJ Lore,Heavy Metal,The Holdsworth Dilemma,7:24 PM,Infinite Realm of Incomprehensible Suffering
Melt,"Sep 12, 2024",DJ Lore,Rock,The Holdsworth Dilemma,7:27 PM,Harvest Moon (Live at Echo Mountain)
Frank Zappa,"Sep 12, 2024",DJ Lore,Rock,The Holdsworth Dilemma,7:33 PM,Black Napkins
Allan Holdsworth,"Sep 12, 2024",DJ Lore,Unknown,The Holdsworth Dilemma,7:37 PM,Where Is One
Beatchild,"Oct 3, 2024",DJ Lore,Unknown,The Holdsworth Dilemma,7:00 PM,Endurance
Uyama Hiroto,"Oct 3, 2024",DJ Lore,Unknown,The Holdsworth Dilemma,7:04 PM,Windspeaks
ClascyJitto,"Oct 3, 2024",DJ Lore,Unknown,The Holdsworth Dilemma,7:09 PM,Secret Hoppin' (Tower Mix)
Steps Ahead,"Sep 26, 2024",DJ Lore,Jazz,The Holdsworth Dilemma,7:01 PM,Islands
John Scofield,"Sep 26, 2024",DJ Lore,Jazz,The Holdsworth Dilemma,7:06 PM,Filibuster
The Brothers Nylon,"Sep 26, 2024",DJ Lore,Jazz,The Holdsworth Dilemma,7:12 PM,Ay Uh!
ihatenoe,"Sep 26, 2024",DJ Lore,Hip Hop/Rap,The Holdsworth Dilemma,7:15 PM,devils daughter
frank Sativa,"Sep 26, 2024",DJ Lore,Unknown,The Holdsworth Dilemma,7:15 PM,runnin out the time
Scott Henderson,"Sep 12, 2024",DJ Lore,Jazz,The Holdsworth Dilemma,7:43 PM,Xanax
Steve Morse Band,"Sep 12, 2024",DJ Lore,Rock,The Holdsworth Dilemma,7:49 PM,Vista Grande
Siouxsie And The Banshees,"Sep 12, 2024",DJ Lore,Rock,The Holdsworth Dilemma,7:57 PM,Sin In My Heart
CASIOPEA,"Oct 3, 2024",DJ Lore,Jazz,The Holdsworth Dilemma,7:13 PM,スワロー
Ghost-Note,"Oct 3, 2024",DJ Lore,Jazz,The Holdsworth Dilemma,7:18 PM,Swagism
Bobbi Humphrey,"Oct 3, 2024",DJ Lore,Unknown,The Holdsworth Dilemma,7:30 PM,San Francisco Lights
Chanel Beads,"Oct 3, 2024",DJ Lore,Unknown,The Holdsworth Dilemma,7:41 PM,Ef
Mt. Greylock,"Oct 3, 2024",DJ Lore,Rock,The Holdsworth Dilemma,7:45 PM,what's my name?
Jazz Spastiks,"Sep 26, 2024",DJ Lore,Unknown,The Holdsworth Dilemma,7:18 PM,Blow Up Your Stereo
Louie Zong,"Sep 26, 2024",DJ Lore,Dance,The Holdsworth Dilemma,7:20 PM,BASEMENT BOOGIE
Aaron Parks,"Sep 26, 2024",DJ Lore,Jazz,The Holdsworth Dilemma,7:23 PM,Sports
Kneebody,"Sep 26, 2024",DJ Lore,Jazz,The Holdsworth Dilemma,7:30 PM,Sick Talk
BOREAL SUN,"Sep 26, 2024",DJ Lore,Unknown,The Holdsworth Dilemma,7:34 PM,New Beginning
Spilly Cave,"Sep 26, 2024",DJ Lore,Indie Pop,The Holdsworth Dilemma,7:38 PM,Wonderful Life
Allan Holdsworth,"Sep 26, 2024",DJ Lore,Unknown,The Holdsworth Dilemma,7:42 PM,Endomorph
TINYMAN,"Sep 26, 2024",DJ Lore,Unknown,The Holdsworth Dilemma,7:47 PM,Edurance
Anatole Muster,"Sep 26, 2024",DJ Lore,Jazz,The Holdsworth Dilemma,7:57 PM,Layers
Mr. Sauceman,"Sep 26, 2024",DJ Lore,Unknown,The Holdsworth Dilemma,7:58 PM,Thousand March
Magnapop,"Oct 3, 2024",DJ Lore,Unknown,The Holdsworth Dilemma,7:50 PM,"Slowly, Slowly"
Jan Jelinek,"Oct 3, 2024",DJ Lore,Unknown,The Holdsworth Dilemma,7:54 PM,Moiré - Piano & Organ
Monolake,"Sep 26, 2024",DJ Lore,Unknown,The Holdsworth Dilemma,7:59 PM,Mass Transit Railway
Allan Holdsworth,"Oct 10, 2024",DJ Lore,Unknown,The Holdsworth Dilemma,7:00 PM,Metal Fatigue
Frank Zappa,"Oct 10, 2024",DJ Lore,Rock,The Holdsworth Dilemma,7:03 PM,Peaches En Regalia
Widespread Panic,"Oct 10, 2024",DJ Lore,Rock,The Holdsworth Dilemma,7:10 PM,Pleas
Elephants Memory,"Oct 10, 2024",DJ Lore,Rock,The Holdsworth Dilemma,7:15 PM,She's Just Naturally Bad
moe.,"Oct 10, 2024",DJ Lore,Rock,The Holdsworth Dilemma,7:22 PM,Happy Hour Hero
Jon Trafton,"Oct 10, 2024",DJ Lore,Unknown,The Holdsworth Dilemma,7:27 PM,Sometimes
Mapache,"Oct 10, 2024",DJ Lore,Unknown,The Holdsworth Dilemma,7:33 PM,What A Summer
Allan Holdsworth,"Oct 10, 2024",DJ Lore,Unknown,The Holdsworth Dilemma,7:02 PM,Metal Fatigue
Frank Zappa,"Oct 10, 2024",DJ Lore,Rock,The Holdsworth Dilemma,7:07 PM,Peaches En Regalia
Metallica,"Oct 17, 2024",DJ Lore,Heavy Metal,The Holdsworth Dilemma,7:13 PM,Enter Sandman
Mountain,"Oct 17, 2024",DJ Lore,Rock,The Holdsworth Dilemma,7:46 PM,Mississippi Queen
Jimi Hendrix,"Oct 17, 2024",DJ Lore,Rock,The Holdsworth Dilemma,7:53 PM,Hey Joe
Lithics,"Oct 24, 2024",DJ Lore,Unknown,The Holdsworth Dilemma,7:15 PM,Specs
Angels Of Light,"Oct 24, 2024",DJ Lore,Unknown,The Holdsworth Dilemma,7:17 PM,Nations
my bloody valentine,"Oct 24, 2024",DJ Lore,Rock,The Holdsworth Dilemma,7:28 PM,Sometimes
Roxy Music,"Oct 24, 2024",DJ Lore,Rock,The Holdsworth Dilemma,7:33 PM,She Sells - 1999 Digital Remaster
Breakfast In Bed,"Oct 24, 2024",DJ Lore,Unknown,The Holdsworth Dilemma,7:37 PM,Aqua Vitae
Basement,"Oct 24, 2024",DJ Lore,Unknown,The Holdsworth Dilemma,7:37 PM,Covet
King Missile,"Nov 14, 2024",DJ Lore,Unknown,The Holdsworth Dilemma,7:00 PM,Jesus Was Way Cool
Lothar and The Hand People,"Nov 14, 2024",DJ Lore,Unknown,The Holdsworth Dilemma,7:02 PM,Machines
93MillionMilesFromTheSun,"Nov 14, 2024",DJ Lore,Unknown,The Holdsworth Dilemma,7:04 PM,Everything Goes Wrong in the End
Herbie Hancock,"Nov 14, 2024",DJ Lore,Jazz,The Holdsworth Dilemma,7:10 PM,Maulana
Steve Reid,"Nov 14, 2024",DJ Lore,Unknown,The Holdsworth Dilemma,7:21 PM,Nova
Johnny Hammond,"Oct 31, 2024",DJ Lore,Unknown,The Holdsworth Dilemma,7:01 PM,Can't We Smile?
Samir,"Oct 31, 2024",DJ Lore,Unknown,The Holdsworth Dilemma,7:04 PM,Games
稲垣次郎とソウル・メディア,"Oct 31, 2024",DJ Lore,Unknown,The Holdsworth Dilemma,7:07 PM,ブリーズ
Clown Core,"Oct 31, 2024",DJ Lore,Heavy Metal,The Holdsworth Dilemma,7:12 PM,Infinite Realm of Incomprehensible Suffering
Pedro Martins,"Oct 31, 2024",DJ Lore,Jazz,The Holdsworth Dilemma,7:14 PM,Polos (feat. Chris Fishman & Daryl Johns)
Bobbi Humphrey,"Oct 31, 2024",DJ Lore,Jazz,The Holdsworth Dilemma,7:21 PM,Harlem River Drive
Steve Reid,"Nov 14, 2024",Charlotte,Unknown,The Holdsworth Dilemma,7:24 PM,Lions Of Juda
Rosinha De Valença,"Nov 14, 2024",Charlotte,Unknown,The Holdsworth Dilemma,7:31 PM,Summertime
Luiz Bonfa,"Nov 14, 2024",Charlotte,Jazz,The Holdsworth Dilemma,7:34 PM,Samba de Orleu (from Black Orpheus)
Gilberto Gil,"Nov 14, 2024",Charlotte,World,The Holdsworth Dilemma,7:36 PM,Mancada
Lo Borges,"Nov 14, 2024",Charlotte,Unknown,The Holdsworth Dilemma,7:39 PM,Paisagem da Janela
Broadcast,"Nov 14, 2024",Charlotte,Unknown,The Holdsworth Dilemma,7:42 PM,America's Boy
Big Blood,"Nov 14, 2024",Charlotte,Rock,The Holdsworth Dilemma,7:45 PM,1000 Times
Vivienne Eastwood,"Nov 14, 2024",Charlotte,Unknown,The Holdsworth Dilemma,7:51 PM,Snooze
Dead & Company,"Nov 7, 2024",DJ Lore,Unknown,The Holdsworth Dilemma,7:00 PM,"Brown-Eyed Women (Live at Folsom Field, Boulder, CO, 7/14/2018)"
Marty Robbins,"Nov 7, 2024",DJ Lore,Unknown,The Holdsworth Dilemma,7:09 PM,Saddle Tramp
Willie Nelson,"Nov 7, 2024",DJ Lore,World,The Holdsworth Dilemma,7:11 PM,Blue Eyes Crying in the Rain
SEATBELTS,"Nov 7, 2024",DJ Lore,Unknown,The Holdsworth Dilemma,7:13 PM,Waltz for Zizi
Cut Worms,"Nov 7, 2024",DJ Lore,Unknown,The Holdsworth Dilemma,7:18 PM,Ballad of the Texas King
Goose,"Nov 7, 2024",DJ Lore,Unknown,The Holdsworth Dilemma,7:21 PM,Arcadia
Spafford,"Nov 7, 2024",DJ Lore,Unknown,The Holdsworth Dilemma,7:27 PM,Leave the Light On
Seatbelts,"Oct 10, 2024",DJ Lore,Unknown,The Holdsworth Dilemma,7:36 PM,Waltz for Zizi
Meni Moore,"Oct 10, 2024",DJ Lore,Unknown,The Holdsworth Dilemma,7:40 PM,Rhiannon
Rainbow Girls,"Oct 10, 2024",DJ Lore,Unknown,The Holdsworth Dilemma,7:44 PM,Helplessly Hoping
Marty Robbins,"Oct 10, 2024",DJ Lore,Country,The Holdsworth Dilemma,7:48 PM,The Little Green Valley
The Spinanes,"Oct 10, 2024",DJ Lore,Indie Pop,The Holdsworth Dilemma,7:51 PM,"Love, The Lazee"
Dead & Company,"Oct 10, 2024",DJ Lore,Rock,The Holdsworth Dilemma,7:56 PM,"Alabama Getaway - Live at Citi Field, Queens, NY, 6/22/23"
Superheaven,"Oct 24, 2024",DJ Lore,Unknown,The Holdsworth Dilemma,7:52 PM,Youngest Daughter
Mk.gee,"Oct 24, 2024",DJ Lore,Unknown,The Holdsworth Dilemma,7:58 PM,I Want
Bobbi Humphrey,"Oct 31, 2024",DJ Lore,Jazz,The Holdsworth Dilemma,7:29 PM,Just A Love Child - 1998 Digital Remaster
Pedro Martins,"Oct 31, 2024",DJ Lore,Jazz,The Holdsworth Dilemma,7:35 PM,Polos (feat. Chris Fishman & Daryl Johns)
Joe Zawinul,"Oct 31, 2024",DJ Lore,Jazz,The Holdsworth Dilemma,7:38 PM,A Remark You Made - Live
Shapoval Sextet,"Oct 31, 2024",DJ Lore,Unknown,The Holdsworth Dilemma,7:46 PM,I. Oi Zbyraisia Kozache Pokhid Bude
Various Artists,"Oct 31, 2024",DJ Lore,Unknown,The Holdsworth Dilemma,7:53 PM,Black and Strong
Brett Garsed,"Oct 31, 2024",DJ Lore,Unknown,The Holdsworth Dilemma,7:54 PM,If Only
岩崎琢 (Iwasaki Taku),"Oct 31, 2024",DJ Lore,Unknown,The Holdsworth Dilemma,7:59 PM,文豪AcidJazz
Ellen McIlwaine,"Nov 14, 2024",Charlotte,Pop,The Holdsworth Dilemma,7:51 PM,I Don't Want To Play
Ellen McIlwaine,"Nov 14, 2024",Charlotte,Pop,The Holdsworth Dilemma,7:55 PM,Underground River
Ellen McIlwaine,"Nov 14, 2024",Charlotte,Pop,The Holdsworth Dilemma,7:59 PM,Everybody Wants To Go To Heaven (But Nobody Wants To Die)
moe.,"Nov 7, 2024",DJ Lore,Rock,The Holdsworth Dilemma,7:32 PM,Happy Hour Hero
Janis Ian,"Nov 7, 2024",DJ Lore,Unknown,The Holdsworth Dilemma,7:38 PM,Goodbye to Morning
Janis Ian,"Nov 7, 2024",DJ Lore,Pop,The Holdsworth Dilemma,7:41 PM,"Boy, I Really Tied One On - Remastered"
Neu!,"Nov 7, 2024",DJ Lore,Unknown,The Holdsworth Dilemma,7:46 PM,Isi
my bloody valentine,"Nov 7, 2024",DJ Lore,Unknown,The Holdsworth Dilemma,7:51 PM,loomer
Envelopes,"Nov 7, 2024",DJ Lore,Unknown,The Holdsworth Dilemma,7:54 PM,It's Is The Law
Holy Sons,"Nov 7, 2024",DJ Lore,Folk,The Holdsworth Dilemma,7:56 PM,More Voodoo
O Level,"Nov 7, 2024",DJ Lore,Rock,The Holdsworth Dilemma,7:57 PM,East Sheen
Coltrane,"Nov 21, 2024",Wami,Jazz,The Holdsworth Dilemma,7:55 PM,Brasilia
World's Experience Orchestra,"Dec 5, 2024",DJ Lore,Jazz,The Holdsworth Dilemma,7:02 PM,Rain
Ndikho Xaba and the Natives,"Dec 5, 2024",DJ Lore,Unknown,The Holdsworth Dilemma,7:13 PM,Nomusa
Hako Yamazaki,"Dec 5, 2024",DJ Lore,Unknown,The Holdsworth Dilemma,7:23 PM,さすらい
GMaestro,"Dec 5, 2024",DJ Lore,Unknown,The Holdsworth Dilemma,7:27 PM,Self-Made Pt 2/ Black Crowns Pt 3
Mable John,"Dec 5, 2024",DJ Lore,Unknown,The Holdsworth Dilemma,7:29 PM,You Made a Fool Out of Me
The Soul Sensations,"Dec 5, 2024",DJ Lore,R&B/Soul,The Holdsworth Dilemma,7:32 PM,"When I Had You, Baby"
フランク・クニモンド・トリオ,"Dec 5, 2024",DJ Lore,Unknown,The Holdsworth Dilemma,7:36 PM,愛のプレリュード (Remastered)
Allan Holdsworth,"Dec 12, 2024",DJ Lore,Jazz,The Holdsworth Dilemma,7:00 PM,Metal Fatigue
Bill Bruford,"Dec 12, 2024",DJ Lore,Rock,The Holdsworth Dilemma,7:04 PM,One Of A Kind - Part One
Frank Zappa,"Dec 12, 2024",DJ Lore,Rock,The Holdsworth Dilemma,7:06 PM,Peaches En Regalia
Donald Byrd,"Dec 12, 2024",DJ Lore,Jazz,The Holdsworth Dilemma,7:11 PM,Onward 'Til Morning
Gene Harris,"Dec 12, 2024",DJ Lore,Jazz,The Holdsworth Dilemma,7:15 PM,Losalamitoslatinfunklovesong
Bobbi Humphrey,"Dec 12, 2024",DJ Lore,Jazz,The Holdsworth Dilemma,7:18 PM,Just A Love Child - 1998 Digital Remaster
フランク・クニモンド・トリオ,"Dec 5, 2024",DJ Lore,Unknown,The Holdsworth Dilemma,7:38 PM,スラローム (Remastered)
krasochnobledno,"Dec 5, 2024",DJ Lore,Rock,The Holdsworth Dilemma,7:50 PM,Катя
Al Cohn,"Dec 5, 2024",DJ Lore,Unknown,The Holdsworth Dilemma,7:54 PM,Don't Let the Sun Catch You Crying - Live
CPower,"Dec 12, 2024",DJ Lore,Unknown,The Holdsworth Dilemma,7:27 PM,暖炉电台FM703
Anatole Muster,"Dec 12, 2024",DJ Lore,Jazz,The Holdsworth Dilemma,7:29 PM,Layers
Spilly Cave,"Dec 12, 2024",DJ Lore,Indie Pop,The Holdsworth Dilemma,7:32 PM,Wonderful Life
Pedro Martins,"Dec 12, 2024",DJ Lore,Jazz,The Holdsworth Dilemma,7:36 PM,Polos (feat. Chris Fishman & Daryl Johns)
The Plimsouls,"Dec 12, 2024",DJ Lore,Pop,The Holdsworth Dilemma,7:54 PM,How Long Will It Take?
The Plimsouls,"Dec 12, 2024",DJ Lore,Pop,The Holdsworth Dilemma,7:57 PM,A Million Miles Away
岩崎琢 (Iwasaki Taku),"Dec 12, 2024",DJ Lore,Unknown,The Holdsworth Dilemma,7:59 PM,文豪AcidJazz
